{
  "user": [
    {
      "id": "1",
      "email": "gallery@gmail.com",
      "pwd": "00112233"
    }
  ],
  "order": [
    {
      "id": "ddf2",
      "clientName": "nouha",
      "clientPhoneNumber": 22222222,
      "clientAdress": "charguia",
      "ordredProducts": [
        {
          "article": {
            "id": "11",
            "name": "Les Deux Fridas ",
            "photo": "abstrait/Baroni-Victor/imgB1.jpg",
            "height": 173,
            "width": 173,
            "painter": "Baroni Victor",
            "price": 100,
            "quantity": 1,
            "disponibility": true,
            "dateCreate": "1939-01-01T00:00:00Z",
            "comments": [
              {
                "author": "nouha",
                "date": "2024-11-14T19:18:56.556Z",
                "message": "amazing"
              }
            ],
            "category": "Abstrait",
            "description": "Les Deux Fridas is a double self-portrait that illustrates the duality of Frida Kahlo's identity, depicting her two personas: one dressed in traditional Mexican attire and the other in a European-style dress. The painting symbolizes her emotional turmoil following her divorce from Diego Rivera.",
            "discount": 30,
            "nbLikes": 302
          },
          "qte": 2
        }
      ],
      "total": 140,
      "orderDate": "2024-11-17T17:07:18.190Z",
      "state": "In Progress"
    },
    {
      "id": "c06e",
      "clientName": "islem",
      "clientPhoneNumber": 22222222,
      "clientAdress": "charguia",
      "ordredProducts": [
        {
          "article": {
            "id": "11",
            "name": "Les Deux Fridas ",
            "photo": "abstrait/Baroni-Victor/imgB1.jpg",
            "height": 173,
            "width": 173,
            "painter": "Baroni Victor",
            "price": 100,
            "quantity": 1,
            "disponibility": true,
            "dateCreate": "1939-01-01T00:00:00Z",
            "comments": [
              {
                "author": "nouha",
                "date": "2024-11-14T19:18:56.556Z",
                "message": "amazing"
              }
            ],
            "category": "Abstrait",
            "description": "Les Deux Fridas is a double self-portrait that illustrates the duality of Frida Kahlo's identity, depicting her two personas: one dressed in traditional Mexican attire and the other in a European-style dress. The painting symbolizes her emotional turmoil following her divorce from Diego Rivera.",
            "discount": 30,
            "nbLikes": 302
          },
          "qte": 2
        },
        {
          "article": {
            "id": "42",
            "name": "La Cène",
            "photo": "figuratif/Leger-Vincent/imgL2.jpg",
            "height": 460,
            "width": 880,
            "painter": "Leger Vincent",
            "price": null,
            "quantity": null,
            "disponibility": true,
            "dateCreate": "1495-1498",
            "comments": [],
            "category": "figuratif",
            "description": "The Last Supper depicts the moment Jesus announces that one of his disciples will betray him. This mural is celebrated for its composition and emotional depth.",
            "discount": null,
            "nbLikes": 18002
          },
          "qte": 2
        }
      ],
      "total": 140,
      "orderDate": "2024-11-17T23:03:52.733Z",
      "state": "completed"
    },
    {
      "id": "7abb",
      "clientName": "laila",
      "clientPhoneNumber": 99999999,
      "clientAdress": "wwwww",
      "ordredProducts": [
        {
          "article": {
            "id": "11",
            "name": "Les Deux Fridas ",
            "photo": "abstrait/Baroni-Victor/imgB1.jpg",
            "height": 173,
            "width": 173,
            "painter": "Baroni Victor",
            "price": 100,
            "quantity": 1,
            "disponibility": true,
            "dateCreate": "1939-01-01T00:00:00Z",
            "comments": [
              {
                "author": "nouha",
                "date": "2024-11-14T19:18:56.556Z",
                "message": "amazing"
              }
            ],
            "category": "Abstrait",
            "description": "Les Deux Fridas is a double self-portrait that illustrates the duality of Frida Kahlo's identity, depicting her two personas: one dressed in traditional Mexican attire and the other in a European-style dress. The painting symbolizes her emotional turmoil following her divorce from Diego Rivera.",
            "discount": 30,
            "nbLikes": 302
          },
          "qte": 2
        },
        {
          "article": {
            "id": "32",
            "name": "Guernica",
            "photo": "Fauve/Albert-Marquet/imgAM2.jpeg",
            "height": 349,
            "width": 776,
            "painter": "Albert Marquet",
            "price": 45,
            "quantity": 50,
            "disponibility": true,
            "dateCreate": "1937-01-01T00:00:00Z",
            "comments": [],
            "category": "Fauve",
            "description": "A powerful political statement, this mural depicts the horrors of war and suffering, specifically referencing the bombing of Guernica during the Spanish Civil War.",
            "discount": null,
            "nbLikes": 150
          },
          "qte": 2
        },
        {
          "article": {
            "id": "32",
            "name": "Guernica",
            "photo": "Fauve/Albert-Marquet/imgAM2.jpeg",
            "height": 349,
            "width": 776,
            "painter": "Albert Marquet",
            "price": 45,
            "quantity": 50,
            "disponibility": true,
            "dateCreate": "1937-01-01T00:00:00Z",
            "comments": [],
            "category": "Fauve",
            "description": "A powerful political statement, this mural depicts the horrors of war and suffering, specifically referencing the bombing of Guernica during the Spanish Civil War.",
            "discount": null,
            "nbLikes": 150
          },
          "qte": 1
        }
      ],
      "total": 275,
      "orderDate": "2024-11-18T21:28:18.956Z",
      "state": "completed"
    }
  ],
  "artWork": [
    {
      "name": "Les Deux Fridas ",
      "photo": "abstrait/Baroni-Victor/imgB1.jpg",
      "height": 173,
      "width": 173,
      "painter": "Baroni Victor",
      "price": 100,
      "quantity": 25,
      "disponibility": true,
      "dateCreate": "2024-11-05",
      "comments": [
        {
          "author": "nouha",
          "date": "2024-11-14T19:18:56.556Z",
          "message": "amazing"
        },
        {
          "author": "Azza",
          "date": "2024-11-23T10:11:35.102Z",
          "message": "trop beau"
        }
      ],
      "category": "Abstrait",
      "description": "Les Deux Fridas is a double self-portrait that illustrates the duality of Frida Kahlo's identity, depicting her two personas: one dressed in traditional Mexican attire and the other in a European-style dress. The painting symbolizes her emotional turmoil following her divorce from Diego Rivera.",
      "discount": 30,
      "nbLikes": 302,
      "id": "11"
    },
    {
      "name": "Autoportrait avec collier d'épines et colibri (1940)",
      "photo": "abstrait/Baroni-Victor/imgB3.jpg",
      "height": 61.2,
      "width": 100,
      "painter": "Baroni Victor",
      "price": 800,
      "quantity": 1,
      "disponibility": true,
      "dateCreate": "2024-11-11",
      "comments": [],
      "category": "Abstrait",
      "description": "This self-portrait features Frida Kahlo adorned with a thorn necklace, symbolizing her pain and suffering. A lifeless hummingbird hangs from the necklace, while a monkey and a black cat accompany her, adding layers of meaning related to love, luck, and personal turmoil.",
      "discount": null,
      "nbLikes": 350,
      "id": "13"
    },
    {
      "id": "14",
      "name": "Henry Ford Hospital (1932)",
      "photo": "abstrait/Baroni-Victor/imgB2.jpg",
      "height": 30.5,
      "width": 38,
      "painter": "Baroni Victor",
      "price": 450,
      "quantity": 2,
      "disponibility": false,
      "dateCreate": "1932-01-01T00:00:00Z",
      "comments": [
        {
          "author": null,
          "date": null,
          "message": null
        },
        {
          "author": "nn",
          "date": null,
          "message": null
        },
        {
          "author": "Azza",
          "date": "2024-11-14T21:07:07.052Z",
          "message": "trop beau"
        },
        {
          "author": "islem",
          "date": "2024-11-14T21:07:07.052Z",
          "message": "trop beau"
        },
        {
          "author": "nouha",
          "date": "2024-11-14T21:07:07.052Z",
          "message": "amazing"
        }
      ],
      "category": "Abstrait",
      "description": "In this powerful and intimate painting, Frida Kahlo depicts herself lying naked in Henry Ford Hospital after experiencing a miscarriage. Surrounded by symbols of her loss, including a male fetus and various objects representing her pain, the artwork reflects her emotional turmoil and the physical suffering she endured during her pregnancy.",
      "discount": null,
      "nbLikes": 401
    },
    {
      "name": "Le Suicide de Dorothy Hale (1939)",
      "photo": "abstrait/Catrine-Alexandre/imgC2.jpg",
      "height": 70,
      "width": 70,
      "painter": "Catrine-Alexandre",
      "price": 800,
      "quantity": 2,
      "disponibility": true,
      "dateCreate": "2024-11-12",
      "comments": [
        {
          "author": "islem",
          "date": "2024-11-14T20:55:16.351Z",
          "message": "amazing"
        },
        {
          "author": "Azza",
          "date": "2024-11-14T20:57:42.279Z",
          "message": "I love this one!!"
        }
      ],
      "category": "Abstrait",
      "description": "This painting depicts the tragic suicide of Dorothy Hale, illustrating her falling from a window while simultaneously lying on the bloody pavement below. The work serves as a poignant commentary on despair and the struggles faced by women, reflecting Kahlo's own emotional turmoil.",
      "discount": 50,
      "nbLikes": 40,
      "id": "15"
    },
    {
      "name": "Autoportrait avec la chevelure défaite (1947)",
      "photo": "abstrait/Catrine-Alexandre/imgC3.jpg",
      "height": 60,
      "width": 80,
      "painter": "Catrine Alexandre",
      "price": 700,
      "quantity": 2,
      "disponibility": true,
      "dateCreate": "2024-11-13",
      "comments": [],
      "category": "Abstrait",
      "description": "In this self-portrait, Frida Kahlo depicts herself with disheveled hair, symbolizing her emotional turmoil and vulnerability. The painting reflects her struggles with identity and love, showcasing her unique style and deep connection to her Mexican heritage.",
      "discount": null,
      "nbLikes": 320,
      "id": "16"
    },
    {
      "id": "17",
      "name": "La Casa Azul (1931)",
      "photo": "abstrait/Henson-Cendrine/imgH1.jpg",
      "height": 50,
      "width": 50,
      "painter": "Henson Cendrin ",
      "price": 450,
      "quantity": 50,
      "disponibility": true,
      "dateCreate": "1931-01-01T00:00:00Z",
      "comments": [],
      "category": "Abstrait",
      "description": "La Casa Azul, or The Blue House, is the birthplace and home of Frida Kahlo. This historic house museum showcases her life, art, and personal belongings, reflecting her deep connection to Mexican culture. The house features vibrant blue walls and a rich collection of folk art, pre-Hispanic pieces, and personal artifacts.",
      "discount": null,
      "nbLikes": 50
    },
    {
      "name": "Autoportrait en pleurs (1937)",
      "photo": "abstrait/Henson-Cendrine/imgH2.jpg",
      "height": 60,
      "width": 80,
      "painter": "Henson Cendrin ",
      "price": 700,
      "quantity": 0,
      "disponibility": false,
      "dateCreate": "2024-11-14",
      "comments": [
        {
          "author": "laura",
          "date": "2024-11-17T16:48:52.632Z",
          "message": "trop beau"
        }
      ],
      "category": "Abstrait",
      "description": "In this poignant self-portrait, Frida Kahlo depicts herself in tears, reflecting her emotional turmoil and struggles with love and identity. The painting captures her raw vulnerability and pain, symbolizing her complex relationship with Diego Rivera and her own physical suffering.",
      "discount": null,
      "nbLikes": 30,
      "id": "18"
    },
    {
      "id": "19",
      "name": "Les Fruits de la Terre (1938)",
      "photo": "abstrait/Henson-Cendrine/imgH3.jpg",
      "height": 50,
      "width": 50,
      "painter": "Henson Cendrin ",
      "price": 450,
      "quantity": 10,
      "disponibility": true,
      "dateCreate": "1938-01-01T00:00:00Z",
      "comments": [],
      "category": "Abstrait",
      "description": "Les Fruits de la Terre is a vibrant still life that reflects Frida Kahlo's connection to her Mexican heritage. The painting features an array of colorful fruits, symbolizing fertility and life, juxtaposed with elements that represent her personal struggles and the duality of existence. This work was created shortly before her death and serves as a poignant reflection of her experiences.",
      "discount": null,
      "nbLikes": 100
    },
    {
      "name": "La Victoire (1944)",
      "photo": "abstrait/Henson-Cendrine/imgH4.jpg",
      "height": 60,
      "width": 60,
      "painter": "Henson Cendrin ",
      "price": 450,
      "quantity": 40,
      "disponibility": true,
      "dateCreate": "2024-11-16",
      "comments": [],
      "category": "Abstrait",
      "description": "La Victoire is a powerful expression of Frida Kahlo's resilience in the face of suffering. The painting symbolizes her struggle and triumph over physical and emotional pain, reflecting her complex relationship with identity and femininity. It showcases vibrant colors and elements that represent her personal battles and victories.",
      "discount": null,
      "nbLikes": 30,
      "id": "20"
    },
    {
      "id": "21",
      "name": "La Nuit étoilée",
      "photo": "classique/Caravage/imgC.jpeg",
      "height": 73.7,
      "width": 92.1,
      "painter": "Caravage",
      "price": 50,
      "quantity": 50,
      "disponibility": true,
      "dateCreate": "1889-01-01T00:00:00Z",
      "comments": [],
      "category": "classique",
      "description": "A swirling night sky filled with stars over a quiet village, showcasing van Gogh's unique brushwork and emotional intensity.",
      "discount": null,
      "nbLikes": 100
    },
    {
      "id": "22",
      "name": "Les Tournesols",
      "photo": "classique/Caravage/imgC2.jpg",
      "height": 92.1,
      "width": 73,
      "painter": "Caravage",
      "price": 30,
      "quantity": 0,
      "disponibility": false,
      "dateCreate": "1888-01-01T00:00:00Z",
      "comments": [],
      "category": "classique",
      "description": "A vibrant still life featuring sunflowers in a vase, celebrated for its bold colors and dynamic composition.",
      "discount": null,
      "nbLikes": 80
    },
    {
      "id": "23",
      "name": "La Chambre de Van Gogh à Arles",
      "photo": "classique/Caravage/imgC3.jpg",
      "height": 73.3,
      "width": 92.4,
      "painter": "Caravage",
      "price": 880,
      "quantity": 40,
      "disponibility": true,
      "dateCreate": "1888-01-01T00:00:00Z",
      "comments": [],
      "category": "classique",
      "description": "An intimate depiction of Van Gogh's bedroom in Arles, characterized by its bright colors and expressive lines.",
      "discount": null,
      "nbLikes": 60
    },
    {
      "id": "24",
      "name": "Autoportrait",
      "photo": "classique/Leonard-de-Vinci/imgLV1.jpg",
      "height": 40.7,
      "width": 32.5,
      "painter": "Leonard-de-Vinci",
      "price": 60,
      "quantity": 43,
      "disponibility": true,
      "dateCreate": "1889-01-01T00:00:00Z",
      "comments": [],
      "category": "classique",
      "description": "A self-portrait showcasing Van Gogh's emotional state during his time in the asylum, using bold colors and brushstrokes.",
      "discount": null,
      "nbLikes": 20
    },
    {
      "id": "25",
      "name": "Vincent's Chair with Pipe",
      "photo": "classique/Leonard-de-Vinci/imgLV2.webp",
      "height": 60.3,
      "width": 50.2,
      "painter": "Leonard-de-Vinci",
      "price": 20,
      "quantity": 60,
      "disponibility": true,
      "dateCreate": "1888-01-01T00:00:00Z",
      "comments": [],
      "category": "classique",
      "description": "A still life painting of Vincent's chair with a pipe resting on it, symbolizing his presence even in absence.",
      "discount": null,
      "nbLikes": 40
    },
    {
      "id": "26",
      "name": "Le Semeur",
      "photo": "classique/Leonard-de-Vinci/imgLV3.jpg",
      "height": 73.7,
      "width": 92.1,
      "painter": "Leonard-de-Vinci",
      "price": 70,
      "quantity": 20,
      "disponibility": true,
      "dateCreate": "1888-01-01T00:00:00Z",
      "comments": [],
      "category": "classique",
      "description": "A depiction of a sower in a field, capturing the essence of rural life and the cycle of nature.",
      "discount": null,
      "nbLikes": 30
    },
    {
      "id": "27",
      "name": "Les Irises",
      "photo": "classique/Leonard-de-Vinci/imgLV4.jpg",
      "height": 71,
      "width": 93,
      "painter": "Leonard-de-Vinci",
      "price": 80,
      "quantity": 10,
      "disponibility": true,
      "dateCreate": "1889-01-01T00:00:00Z",
      "comments": [],
      "category": "classique",
      "description": "A vibrant portrayal of irises in full bloom, showcasing Van Gogh's expressive use of color and texture.",
      "discount": null,
      "nbLikes": 70
    },
    {
      "name": "Filles de joie",
      "photo": "classique/Titien/imgT1.jpg",
      "height": 60,
      "width": 40,
      "painter": "Titien",
      "price": 80,
      "quantity": 36,
      "disponibility": true,
      "dateCreate": "1888-01-01T00:00:00Z",
      "comments": [],
      "category": "classique",
      "description": "An exploration of the lives of women in Arles, capturing their essence through vibrant colors and emotional depth.",
      "discount": null,
      "nbLikes": 35,
      "id": "28"
    },
    {
      "id": "29",
      "name": "L'Autoportrait à l'oreille bandée",
      "photo": "classique/Titien/imgT2.jpg",
      "height": 60,
      "width": 50,
      "painter": "Titien",
      "price": 150,
      "quantity": 84,
      "disponibility": true,
      "dateCreate": "1889-01-01T00:00:00Z",
      "comments": [
        {
          "author": "nouha",
          "date": "2024-11-16T10:41:44.872Z",
          "message": "amazing"
        }
      ],
      "category": "classique",
      "description": "A self-portrait depicting Van Gogh after his infamous ear injury, reflecting his emotional state.",
      "discount": null,
      "nbLikes": 40
    },
    {
      "id": "30",
      "name": "Les Demoiselles d'Avignon",
      "photo": "classique/Titien/imgT3.jpg",
      "height": 243.9,
      "width": 233.7,
      "painter": "Titien",
      "price": 90,
      "quantity": 10,
      "disponibility": true,
      "dateCreate": "1907-01-01T00:00:00Z",
      "comments": [],
      "category": "classique",
      "description": "Considered one of the most significant works in modern art, this painting depicts five women in a disjointed, abstract style that challenges traditional representation.",
      "discount": null,
      "nbLikes": 120
    },
    {
      "id": "31",
      "name": "La Vigne rouge",
      "photo": "Fauve/Albert-Marquet/imgAM1.jpeg",
      "height": 50,
      "width": 65,
      "painter": "Albert Marquet",
      "price": 100,
      "quantity": 15,
      "disponibility": true,
      "dateCreate": "1888-01-01T00:00:00Z",
      "comments": [],
      "category": "Fauve",
      "description": "A landscape painting featuring red vines in autumn, reflecting Van Gogh's fascination with nature's colors.",
      "discount": null,
      "nbLikes": 45
    },
    {
      "id": "32",
      "name": "Guernica",
      "photo": "Fauve/Albert-Marquet/imgAM2.jpeg",
      "height": 349,
      "width": 776,
      "painter": "Albert Marquet",
      "price": 45,
      "quantity": 52,
      "disponibility": true,
      "dateCreate": "1937-01-01T00:00:00Z",
      "comments": [],
      "category": "Fauve",
      "description": "A powerful political statement, this mural depicts the horrors of war and suffering, specifically referencing the bombing of Guernica during the Spanish Civil War.",
      "discount": null,
      "nbLikes": 150
    },
    {
      "id": "33",
      "name": "La Vie",
      "photo": "Fauve/Albert-Marquet/imgAM3.jpg",
      "height": 197,
      "width": 129.5,
      "painter": "Albert Marquet",
      "price": 40,
      "quantity": 15,
      "disponibility": true,
      "dateCreate": "1903-01-01T00:00:00Z",
      "comments": [],
      "category": "Fauve",
      "description": "A complex composition exploring themes of life and death, featuring a naked couple and a child, reflecting Picasso's Blue Period.",
      "discount": null,
      "nbLikes": 80
    },
    {
      "name": "Le Vieil Guitariste",
      "photo": "Fauve/Henri-Matisse/imgHM1.jpg",
      "height": 122.6,
      "width": 82.6,
      "painter": "Henri Matisse",
      "price": 500,
      "quantity": 0,
      "disponibility": false,
      "dateCreate": "2024-11-21",
      "comments": [],
      "category": "Fauve",
      "description": "This poignant work depicts an old blind guitarist, representing poverty and despair during Picasso's Blue Period.",
      "discount": 20,
      "nbLikes": 6000,
      "id": "34"
    },
    {
      "name": "Femme au chapeau",
      "photo": "Fauve/Henri-Matisse/imgHM2.jpg",
      "height": 81.3,
      "width": 60.3,
      "painter": "Henri Matisse",
      "price": 80,
      "quantity": 60,
      "disponibility": true,
      "dateCreate": "2024-11-04",
      "comments": [],
      "category": "Fauve",
      "description": "A vibrant portrait of Picasso's muse, Gertrude Stein, showcasing bold colors and expressive brushwork characteristic of Fauvism.",
      "discount": 5,
      "nbLikes": 7000,
      "id": "35"
    },
    {
      "name": "Les Trois Musiciens",
      "photo": "Fauve/Henri-Matisse/imgHM3.jpg",
      "height": 200,
      "width": 220,
      "painter": "Henri Matisse",
      "price": 100,
      "quantity": 0,
      "disponibility": false,
      "dateCreate": "2024-05-06",
      "comments": [],
      "category": "Fauve",
      "description": "A large-scale composition depicting three musicians in a cubist style, emphasizing geometric shapes and flat planes.",
      "discount": 10,
      "nbLikes": 9000,
      "id": "36"
    },
    {
      "name": "La Guerre et la Paix",
      "photo": "Fauve/Henri-Matisse/imgHM4.jpeg",
      "height": 250,
      "width": 300,
      "painter": "Henri Matisse",
      "price": 100,
      "quantity": 10,
      "disponibility": true,
      "dateCreate": "2024-11-06",
      "comments": [],
      "category": "Fauve",
      "description": "A monumental mural symbolizing the contrast between war and peace through vivid imagery and powerful symbolism.",
      "discount": 10,
      "nbLikes": 11000,
      "id": "37"
    },
    {
      "name": "L'Atelier",
      "photo": "Fauve/Raoul-Dufy/imgRD1.jpg",
      "height": 200,
      "width": 150,
      "painter": "Raoul Dufy",
      "price": 90,
      "quantity": 30,
      "disponibility": true,
      "dateCreate": "2024-11-21",
      "comments": [],
      "category": "Fauve",
      "description": "An introspective look into Picasso's creative space, filled with symbolic references to his artistic journey.",
      "discount": 10,
      "nbLikes": 5000,
      "id": "38"
    },
    {
      "name": "La Maternité",
      "photo": "Fauve/Raoul-Dufy/imgRD2.jpg",
      "height": 100,
      "width": 73,
      "painter": "Raoul Dufy",
      "price": 77,
      "quantity": 77,
      "disponibility": true,
      "dateCreate": "2024-11-18",
      "comments": [],
      "category": "Fauve",
      "description": "A tender portrayal of motherhood reflecting love and care during Picasso's early artistic exploration.",
      "discount": 7,
      "nbLikes": 4000,
      "id": "39"
    },
    {
      "name": "Nude, Green Leaves and Bust",
      "photo": "Fauve/Raoul-Dufy/imgRD3.jpg",
      "height": 162.3,
      "width": 130.2,
      "painter": "Raoul Dufy",
      "price": 89.5,
      "quantity": 0,
      "disponibility": false,
      "dateCreate": "2024-11-19",
      "comments": [],
      "category": "Fauve",
      "description": "An intimate depiction of a nude woman alongside a bust sculpture, showcasing Picasso's exploration of form and color.",
      "discount": 0,
      "nbLikes": 8000,
      "id": "40"
    },
    {
      "name": "La Joconde (Mona Lisa)",
      "photo": "figuratif/Leger-Vincent/imgL1.jpg",
      "height": 77,
      "width": 80,
      "painter": "Leger Vincent",
      "price": 150,
      "quantity": 50,
      "disponibility": true,
      "dateCreate": "2024-11-18",
      "comments": [],
      "category": "figuratif",
      "description": "La Joconde, also known as Mona Lisa, is one of the most famous paintings in the world, depicting Lisa Gherardini with an enigmatic expression. The painting is renowned for its sophisticated use of sfumato and atmospheric perspective.",
      "discount": 15,
      "nbLikes": 20000,
      "id": "41"
    },
    {
      "name": "La Cène",
      "photo": "figuratif/Leger-Vincent/imgL2.jpg",
      "height": 65,
      "width": 88,
      "painter": "Leger Vincent",
      "price": 90,
      "quantity": 3,
      "disponibility": true,
      "dateCreate": "2024-11-06",
      "comments": [
        {
          "author": "nada",
          "date": "2024-11-24T20:30:15.365Z",
          "message": "<3 <3"
        }
      ],
      "category": "figuratif",
      "description": "The Last Supper depicts the moment Jesus announces that one of his disciples will betray him. This mural is celebrated for its composition and emotional depth.",
      "discount": 8,
      "nbLikes": 18002,
      "id": "42"
    },
    {
      "name": "L'Homme de Vitruve",
      "photo": "figuratif/Leger-Vincent/imgL3.jpg",
      "height": 70,
      "width": 70,
      "painter": "Leger Vincent",
      "price": 40,
      "quantity": 8,
      "disponibility": true,
      "dateCreate": "2024-11-05",
      "comments": [],
      "category": "figuratif",
      "description": "A drawing that illustrates the proportions of the human body according to Vitruvius, symbolizing the blend of art and science during the Renaissance.",
      "discount": 0,
      "nbLikes": 12000,
      "id": "43"
    },
    {
      "name": "L'Annonciation",
      "photo": "figuratif/Leger-Vincent/imgL4.jpg",
      "height": 98.5,
      "width": 217.5,
      "painter": "Leger Vincent",
      "price": 200,
      "quantity": 9,
      "disponibility": true,
      "dateCreate": "2024-11-18",
      "comments": [],
      "category": "figuratif",
      "description": "This early work depicts the Annunciation of the Virgin Mary by the Angel Gabriel, showcasing Leonardo's mastery of light and shadow.",
      "discount": 40,
      "nbLikes": 9000,
      "id": "44"
    },
    {
      "name": "La Vierge aux rochers",
      "photo": "figuratif/Raffin-Christian/imgR1.jpg",
      "height": 199,
      "width": 123,
      "painter": "Raffin Christian",
      "price": 400,
      "quantity": 50,
      "disponibility": true,
      "dateCreate": "2024-11-13",
      "comments": [],
      "category": "figuratif",
      "description": "A masterpiece depicting the Virgin Mary with the Christ Child and John the Baptist in a rocky landscape, illustrating Leonardo's innovative use of composition.",
      "discount": 30,
      "nbLikes": 11000,
      "id": "45"
    },
    {
      "name": "La Vierge et l'Enfant avec sainte Anne",
      "photo": "figuratif/Raffin-Christian/imgR2.jpg",
      "height": 168,
      "width": 130,
      "painter": "Raffin Christian",
      "price": 100,
      "quantity": 12,
      "disponibility": true,
      "dateCreate": "1503-1519",
      "comments": [],
      "category": "figuratif",
      "description": "This painting shows Saint Anne with the Virgin Mary and the Christ Child, emphasizing familial bonds and maternal love.",
      "discount": 0,
      "nbLikes": 13000,
      "id": "46"
    },
    {
      "name": "Saint Jean Baptiste",
      "photo": "figuratif/Raffin-Christian/imgR3.jpg",
      "height": 69,
      "width": 57,
      "painter": "Raffin Christian",
      "price": 100,
      "quantity": 0,
      "disponibility": true,
      "dateCreate": "1513-1516",
      "comments": [],
      "category": "figuratif",
      "description": "A late masterpiece depicting Saint John the Baptist in a dark background with a gesture that suggests both mystery and invitation.",
      "discount": 0,
      "nbLikes": 10,
      "id": "47"
    },
    {
      "id": "48",
      "name": "Madonna Litta (c. 1490)",
      "photo": "figuratif/Richard-Franklin/imgF1.jpeg",
      "height": 42,
      "width": 33,
      "painter": "Richard Franklin",
      "price": 500,
      "quantity": 78,
      "disponibility": true,
      "dateCreate": "1490-01-01T00:00:00Z",
      "comments": [],
      "category": "figuratif",
      "description": "Madonna Litta depicts the Virgin Mary breastfeeding the Christ child in a dark interior setting. The painting features significant symbolism, including a goldfinch held by Jesus, representing his impending Passion, and Mary's blue mantle symbolizing the Church. The work has been attributed to Leonardo da Vinci, though some scholars debate the involvement of his pupils.",
      "discount": null,
      "nbLikes": 45
    },
    {
      "id": "49",
      "name": "Le Baptême du Christ (1472-1475)",
      "photo": "figuratif/Richard-Franklin/imgF2.jpg",
      "height": 177,
      "width": 151,
      "painter": "Richard Franklin",
      "price": 100,
      "quantity": 1,
      "disponibility": 8,
      "dateCreate": "1472-01-01T00:00:00Z",
      "comments": [],
      "category": "figuratif",
      "description": "Le Baptême du Christ est une œuvre majeure représentant saint Jean Baptiste donnant le baptême au Christ dans les eaux du Jourdain. Le tableau, commencé par Verrocchio et achevé par Léonard de Vinci, se distingue par sa composition dynamique et son utilisation innovante de la lumière et de l'ombre.",
      "discount": null,
      "nbLikes": 50
    },
    {
      "id": "50",
      "name": "La Belle Ferronnière (c. 1490)",
      "photo": "figuratif/Richard-Franklin/imgF3.png",
      "height": 63,
      "width": 45,
      "painter": "Richard Franklin",
      "price": 88,
      "quantity": 9,
      "disponibility": true,
      "dateCreate": "1490-01-01T00:00:00Z",
      "comments": [],
      "category": "figuratif",
      "description": "La Belle Ferronnière is a portrait of an unknown woman, attributed to Leonardo da Vinci. The painting features a lady adorned with a ferronnière, a type of headband, and is characterized by its soft lighting and detailed rendering. It is believed to have been painted in Milan during the late 15th century and is currently housed in the Louvre Museum.",
      "discount": null,
      "nbLikes": 5000
    },
    {
      "id": "51",
      "name": "Cmon - Pop Revolution",
      "photo": "pop-art/Cmon/imgC.jpg",
      "height": 75,
      "width": 60,
      "painter": "Cmon",
      "price": 3500,
      "quantity": 6,
      "disponibility": true,
      "dateCreate": "2020",
      "comments": [
        "A bold commentary on modern society."
      ],
      "category": "pop_art",
      "description": "A vibrant piece showcasing the fusion of consumerism and culture.",
      "discount": 10,
      "nbLikes": 12000
    },
    {
      "id": "51",
      "name": "Cmon - Neon Nights",
      "photo": "pop-art/Cmon/imgC2.jpg",
      "height": 80,
      "width": 70,
      "painter": "Cmon",
      "price": 4000,
      "quantity": 3,
      "disponibility": true,
      "dateCreate": "2022",
      "comments": [
        "A glowing tribute to neon lights and city life."
      ],
      "category": "pop_art",
      "description": "This artwork radiates with electric colors, capturing urban energy.",
      "discount": 5,
      "nbLikes": 15000
    },
    {
      "id": "52",
      "name": "Cmon - Iconic Reboot",
      "photo": "pop-art/Cmon/imgC3.jpg",
      "height": 85,
      "width": 65,
      "painter": "Cmon",
      "price": 4200,
      "quantity": 4,
      "disponibility": false,
      "dateCreate": "2023",
      "comments": [
        "Reimagining iconic figures through modern lenses."
      ],
      "category": "pop_art",
      "description": "A contemporary reworking of classic pop culture symbols.",
      "discount": null,
      "nbLikes": 16000
    },
    {
      "id": "53",
      "name": "Marie G - Color Burst",
      "photo": "pop-art/marie-G/img1.jpg",
      "height": 72,
      "width": 58,
      "painter": "Marie G",
      "price": 2800,
      "quantity": 11,
      "disponibility": true,
      "dateCreate": "2019",
      "comments": [
        "Exploring the emotional impact of color."
      ],
      "category": "pop_art",
      "description": "An explosion of colors designed to evoke intense feelings.",
      "discount": 15,
      "nbLikes": 9000
    },
    {
      "id": "54",
      "name": "Marie G - Digital Echoes",
      "photo": "pop-art/marie-G/imgM.jpg",
      "height": 78,
      "width": 60,
      "painter": "Marie G",
      "price": 3200,
      "quantity": 8,
      "disponibility": true,
      "dateCreate": "2021",
      "comments": [
        "A tribute to the digital age."
      ],
      "category": "pop_art",
      "description": "Melding traditional painting with digital aesthetics.",
      "discount": null,
      "nbLikes": 11000
    },
    {
      "id": "55",
      "name": "Marie G - Pop Rewind",
      "photo": "pop-art/marie-G/imgM3.jpg",
      "height": 85,
      "width": 65,
      "painter": "Marie G",
      "price": 3600,
      "quantity": 6,
      "disponibility": true,
      "dateCreate": "2022",
      "comments": [
        "A look back at the vibrant 90s era."
      ],
      "category": "pop_art",
      "description": "A nostalgic dive into the 90s pop culture.",
      "discount": 20,
      "nbLikes": 13000
    },
    {
      "id": "56",
      "name": "Novarino Fabien - Urban Pop",
      "photo": "pop-art/Novarino-Fabien/imgN1.jpg",
      "height": 80,
      "width": 65,
      "painter": "Novarino Fabien",
      "price": 5000,
      "quantity": 7,
      "disponibility": true,
      "dateCreate": "2018",
      "comments": [
        "A contemporary take on street art."
      ],
      "category": "pop_art",
      "description": "Capturing the grit and glam of urban street culture.",
      "discount": null,
      "nbLikes": 14000
    },
    {
      "id": "57",
      "name": "Novarino Fabien - Chromatic Clash",
      "photo": "pop-art/Novarino-Fabien/imgN2.jpg",
      "height": 82,
      "width": 68,
      "painter": "Novarino Fabien",
      "price": 5500,
      "quantity": 2,
      "disponibility": true,
      "dateCreate": "2020",
      "comments": [
        "A bold clash of colors and urban influences."
      ],
      "category": "pop_art",
      "description": "Vibrant contrasts that speak to the power of visual stimulation.",
      "discount": 10,
      "nbLikes": 17000
    },
    {
      "id": "58",
      "name": "Novarino Fabien - Pop Faces",
      "photo": "pop-art/Novarino-Fabien/imgN3.jpg",
      "height": 76,
      "width": 64,
      "painter": "Novarino Fabien",
      "price": 4600,
      "quantity": 9,
      "disponibility": true,
      "dateCreate": "2021",
      "comments": [
        "Exploring the idea of celebrity in pop culture."
      ],
      "category": "pop_art",
      "description": "Famous faces reinterpreted in the style of pop art.",
      "discount": null,
      "nbLikes": 15000
    },
    {
      "name": "Novarino Fabien - Neon Dreams",
      "photo": "pop-art/Novarino-Fabien/imgN4.jpg",
      "height": 88,
      "width": 70,
      "painter": "Novarino Fabien",
      "price": 6000,
      "quantity": 4,
      "disponibility": true,
      "dateCreate": "2024-11-13",
      "comments": [
        "A mesmerizing vision of neon lights and pop culture.",
        {
          "author": "lala",
          "date": "2024-11-17T23:02:48.692Z",
          "message": "like it"
        },
        {
          "author": "nouh",
          "date": "2024-11-24T20:00:20.824Z",
          "message": "j'adore"
        },
        {
          "author": "nada",
          "date": "2024-11-24T20:23:05.186Z",
          "message": "<3 <3"
        }
      ],
      "category": "pop_art",
      "description": "Neon colors bring iconic symbols to life in this dynamic piece.",
      "discount": 5,
      "nbLikes": 18001,
      "id": "59"
    }
  ]
}